SEASON,ROUND,DATE,HOME TEAM,AWAY TEAM,VENUE,TIME,GAME DATA SOURCE,Match ID
2026,Pre-Season,Wednesday February 25,Carlton ,Geelong Cats ,IKON Park,7.10pm,https://www.afl.com.au/afl/matches/8251,CD_M20261010101
2026,Pre-Season,Thursday February 26,Sydney Swans , GWS Giants,Henson Park,4.10pm,https://www.afl.com.au/afl/matches/8250,CD_M20261010102
2026,Pre-Season,Thursday February 26, Brisbane Lions,Gold Coast Suns ,Brighton Homes Arena,7.10pm,https://www.afl.com.au/afl/matches/8252,CD_M20261010103
2026,Pre-Season,Friday February 27,Melbourne , Richmond,Mars Stadium,4.10pm,https://www.afl.com.au/afl/matches/8255,CD_M20261010104
2026,Pre-Season,Friday February 27,Western Bulldogs , Hawthorn,Mission Whitten Oval,7.10pm,https://www.afl.com.au/afl/matches/8253,CD_M20261010105
2026,Pre-Season,Saturday February 28, St Kilda,Essendon ,Mars Stadium,3.10pm,https://www.afl.com.au/afl/matches/8254,CD_M20261010106
2026,Pre-Season,Saturday February 28, Fremantle, Adelaide Crows,Rushton Park,6.10pm,https://www.afl.com.au/afl/matches/8256,CD_M20261010107
2026,Pre-Season,Sunday March 1,North Melbourne ,Collingwood ,Mars Stadium,3.10pm,https://www.afl.com.au/afl/matches/8257,CD_M20261010108
2026,Pre-Season,Sunday March 1, West Coast Eagles, Port Adelaide,Mineral Resources Park,6.10pm,https://www.afl.com.au/afl/matches/8258,CD_M20261010109
2026,OPENING ROUND,Thursday March 5,Sydney Swans , Carlton, SCG ,7.30pm,https://www.afl.com.au/afl/matches/8041,CD_M20260140001
2026,OPENING ROUND,Friday March 6,Gold Coast Suns , Geelong Cats, People First Stadium ,8.05pm,https://www.afl.com.au/afl/matches/8042,CD_M20260140002
2026,OPENING ROUND,Saturday March 7,GWS Giants , Hawthorn, ENGIE Stadium ,4.15pm,https://www.afl.com.au/afl/matches/8040,CD_M20260140003
2026,OPENING ROUND,Saturday March 7,Brisbane Lions , Western Bulldogs, The Gabba ,7.35pm,https://www.afl.com.au/afl/matches/8043,CD_M20260140004
2026,OPENING ROUND,Sunday March 8,St Kilda , Collingwood, MCG ,7.20pm,https://www.afl.com.au/afl/matches/8046,CD_M20260140005
2026,ROUND 1,Thursday March 12,Carlton , Richmond, MCG ,7.30pm,https://www.afl.com.au/afl/matches/8045,CD_M20260140101
2026,ROUND 1,Friday March 13,Essendon , Hawthorn, MCG ,7.40pm,https://www.afl.com.au/afl/matches/8044,CD_M20260140102
2026,ROUND 1,Saturday March 14,Western Bulldogs , GWS Giants, Marvel Stadium,1.15pm,https://www.afl.com.au/afl/matches/8047,CD_M20260140103
2026,ROUND 1,Saturday March 14,Geelong Cats , Fremantle, GMHBA Stadium ,4.15pm,https://www.afl.com.au/afl/matches/8049,CD_M20260140104
2026,ROUND 1,Saturday March 14,Sydney Swans , Brisbane Lions, SCG ,7.10pm,https://www.afl.com.au/afl/matches/8048,CD_M20260140105
2026,ROUND 1,Saturday March 14,Collingwood , Adelaide Crows, MCG ,7.35pm,https://www.afl.com.au/afl/matches/8051,CD_M20260140106
2026,ROUND 1,Sunday March 15,North Melbourne , Port Adelaide, Marvel Stadium,1.10pm,https://www.afl.com.au/afl/matches/8056,CD_M20260140107
2026,ROUND 1,Sunday March 15,Melbourne , St Kilda, MCG ,3.15pm,https://www.afl.com.au/afl/matches/8055,CD_M20260140108
2026,ROUND 1,Sunday March 15,Gold Coast Suns , West Coast Eagles, People First Stadium ,6.10pm,https://www.afl.com.au/afl/matches/8050,CD_M20260140109
2026,ROUND 2,Thursday March 19,Hawthorn , Sydney Swans, MCG ,7.30pm,https://www.afl.com.au/afl/matches/8052,CD_M20260140201
2026,ROUND 2,Friday March 20,Adelaide Crows , Western Bulldogs, Adelaide Oval,7.40pm,https://www.afl.com.au/afl/matches/8053,CD_M20260140202
2026,ROUND 2,Saturday March 21,Richmond , Gold Coast Suns, MCG ,1.15pm,https://www.afl.com.au/afl/matches/8054,CD_M20260140203
2026,ROUND 2,Saturday March 21,GWS Giants , St Kilda, ENGIE Stadium ,4.15pm,https://www.afl.com.au/afl/matches/8059,CD_M20260140204
2026,ROUND 2,Saturday March 21,Fremantle , Melbourne, Optus Stadium ,7.35pm,https://www.afl.com.au/afl/matches/8057,CD_M20260140205
2026,ROUND 2,Sunday March 22,Port Adelaide , Essendon, Adelaide Oval,3.15pm,https://www.afl.com.au/afl/matches/8058,CD_M20260140206
2026,ROUND 2,Sunday March 22,West Coast Eagles , North Melbourne, Optus Stadium ,6.10pm,https://www.afl.com.au/afl/matches/8060,CD_M20260140207
2026,ROUND 3,Thursday March 26,Geelong Cats , Adelaide Crows, GMHBA Stadium ,7.30pm,https://www.afl.com.au/afl/matches/8062,CD_M20260140301
2026,ROUND 3,Friday March 27,Collingwood , GWS Giants, Marvel Stadium,7.40pm,https://www.afl.com.au/afl/matches/8064,CD_M20260140302
2026,ROUND 3,Saturday March 28,St Kilda , Brisbane Lions, Marvel Stadium,12.35pm,https://www.afl.com.au/afl/matches/8061,CD_M20260140303
2026,ROUND 3,Saturday March 28,Fremantle , Richmond, Optus Stadium ,4.15pm,https://www.afl.com.au/afl/matches/8065,CD_M20260140304
2026,ROUND 3,Saturday March 28,Essendon , North Melbourne, Marvel Stadium,7.35pm,https://www.afl.com.au/afl/matches/8063,CD_M20260140305
2026,ROUND 3,Sunday March 29,Port Adelaide , West Coast Eagles, Adelaide Oval,12.30pm,https://www.afl.com.au/afl/matches/8071,CD_M20260140306
2026,ROUND 3,Sunday March 29,Carlton , Melbourne, MCG ,3.15pm,https://www.afl.com.au/afl/matches/8075,CD_M20260140307
2026,ROUND 4,Thursday April 2,Brisbane Lions , Collingwood, The Gabba ,7.30pm,https://www.afl.com.au/afl/matches/8066,CD_M20260140401
2026,ROUND 4,Friday April 3,North Melbourne , Carlton, Marvel Stadium,3.15pm,https://www.afl.com.au/afl/matches/8067,CD_M20260140402
2026,ROUND 4,Friday April 3,Adelaide Crows , Fremantle, Adelaide Oval,7.15pm,https://www.afl.com.au/afl/matches/8069,CD_M20260140403
2026,ROUND 4,Saturday April 4,Richmond , Port Adelaide, MCG ,4.15pm,https://www.afl.com.au/afl/matches/8070,CD_M20260140404
2026,ROUND 4,Saturday April 4,West Coast Eagles , Sydney Swans, Optus Stadium ,7.35pm,https://www.afl.com.au/afl/matches/8068,CD_M20260140405
2026,ROUND 4,Sunday April 5,Melbourne , Gold Coast Suns, MCG ,3.15pm,https://www.afl.com.au/afl/matches/8074,CD_M20260140406
2026,ROUND 4,Sunday April 5,Western Bulldogs , Essendon, Marvel Stadium,7.20pm,https://www.afl.com.au/afl/matches/8073,CD_M20260140407
2026,ROUND 4,Monday April 6,Hawthorn , Geelong Cats, MCG ,3.15pm,https://www.afl.com.au/afl/matches/8077,CD_M20260140408
2026,ROUND 5,Thursday April 9,Adelaide Crows , Carlton, Adelaide Oval,7.40pm,https://www.afl.com.au/afl/matches/8072,CD_M20260140501
2026,ROUND 5,Friday April 10,Collingwood , Fremantle, Adelaide Oval,7.40pm,https://www.afl.com.au/afl/matches/8076,CD_M20260140502
2026,ROUND 5,Saturday April 11,North Melbourne , Brisbane Lions, Barossa Park ,12.35pm,https://www.afl.com.au/afl/matches/8078,CD_M20260140503
2026,ROUND 5,Saturday April 11,Essendon , Melbourne, Adelaide Oval,1.15pm,https://www.afl.com.au/afl/matches/8079,CD_M20260140504
2026,ROUND 5,Saturday April 11,Sydney Swans , Gold Coast Suns, Norwood Oval,4.15pm,https://www.afl.com.au/afl/matches/8080,CD_M20260140505
2026,ROUND 5,Saturday April 11,Hawthorn , Western Bulldogs, Adelaide Oval,7.35pm,https://www.afl.com.au/afl/matches/8081,CD_M20260140506
2026,ROUND 5,Sunday April 12,Geelong Cats , West Coast Eagles, Norwood Oval,12.30pm,https://www.afl.com.au/afl/matches/8082,CD_M20260140507
2026,ROUND 5,Sunday April 12,GWS Giants , Richmond, Barossa Park ,3.15pm,https://www.afl.com.au/afl/matches/8084,CD_M20260140508
2026,ROUND 5,Sunday April 12,Port Adelaide , St Kilda, Adelaide Oval,7.15pm,https://www.afl.com.au/afl/matches/8088,CD_M20260140509
2026,ROUND 6,Thursday April 16,Carlton , Collingwood, MCG ,7.30pm,https://www.afl.com.au/afl/matches/8083,CD_M20260140601
2026,ROUND 6,Friday April 17,Geelong Cats , Western Bulldogs, GMHBA Stadium ,7.20pm,https://www.afl.com.au/afl/matches/8085,CD_M20260140602
2026,ROUND 6,Friday April 17,Sydney Swans ,GWS Giants , SCG ,7.50pm,https://www.afl.com.au/afl/matches/8086,CD_M20260140603
2026,ROUND 6,Saturday April 18,Gold Coast Suns , Essendon, People First Stadium ,1.15pm,https://www.afl.com.au/afl/matches/8087,CD_M20260140604
2026,ROUND 6,Saturday April 18,Hawthorn , Port Adelaide, Marvel Stadium,4.15pm,https://www.afl.com.au/afl/matches/8089,CD_M20260140605
2026,ROUND 6,Saturday April 18,Adelaide Crows , St Kilda, Adelaide Oval,7.35pm,https://www.afl.com.au/afl/matches/8092,CD_M20260140606
2026,ROUND 6,Sunday April 19,North Melbourne , Richmond, Marvel Stadium,1.10pm,https://www.afl.com.au/afl/matches/8090,CD_M20260140607
2026,ROUND 6,Sunday April 19,Melbourne , Brisbane Lions, MCG ,3.15pm,https://www.afl.com.au/afl/matches/8091,CD_M20260140608
2026,ROUND 6,Sunday April 19,West Coast Eagles , Fremantle, Optus Stadium ,5.10pm,https://www.afl.com.au/afl/matches/8094,CD_M20260140609
2026,ROUND 7,Thursday April 23,Western Bulldogs , Sydney Swans, Marvel Stadium,7.30pm,https://www.afl.com.au/afl/matches/8093,CD_M20260140701
2026,ROUND 7,Friday April 24,Richmond , Melbourne, MCG ,7.40pm,https://www.afl.com.au/afl/matches/8097,CD_M20260140702
2026,ROUND 7,Saturday April 25,Hawthorn , Gold Coast Suns, UTAS Stadium ,12.15pm,https://www.afl.com.au/afl/matches/8095,CD_M20260140703
2026,ROUND 7,Saturday April 25,Essendon , Collingwood, MCG ,3.15pm,https://www.afl.com.au/afl/matches/8098,CD_M20260140704
2026,ROUND 7,Saturday April 25,Port Adelaide , Geelong Cats, Adelaide Oval,6.35pm,https://www.afl.com.au/afl/matches/8096,CD_M20260140705
2026,ROUND 7,Saturday April 25,Fremantle , Carlton, Optus Stadium ,8.15pm,https://www.afl.com.au/afl/matches/8105,CD_M20260140706
2026,ROUND 7,Sunday April 26,St Kilda , West Coast Eagles, Marvel Stadium,1.10pm,https://www.afl.com.au/afl/matches/8100,CD_M20260140707
2026,ROUND 7,Sunday April 26,Brisbane Lions , Adelaide Crows, The Gabba ,3.15pm,https://www.afl.com.au/afl/matches/8099,CD_M20260140708
2026,ROUND 7,Sunday April 26,GWS Giants , North Melbourne, Corroboree Group Oval Manuka,4.40pm,https://www.afl.com.au/afl/matches/8101,CD_M20260140709
2026,ROUND 8,Thursday April 30,Collingwood , Hawthorn, MCG ,7.30pm,https://www.afl.com.au/afl/matches/8104,CD_M20260140801
2026,ROUND 8,Friday May 1,Western Bulldogs , Fremantle, Marvel Stadium,7.20pm,https://www.afl.com.au/afl/matches/8102,CD_M20260140802
2026,ROUND 8,Friday May 1,Adelaide Crows , Port Adelaide, Adelaide Oval,8.10pm,https://www.afl.com.au/afl/matches/8103,CD_M20260140803
2026,ROUND 8,Saturday May 2,Essendon , Brisbane Lions, Marvel Stadium,12.35pm,https://www.afl.com.au/afl/matches/8109,CD_M20260140804
2026,ROUND 8,Saturday May 2,West Coast Eagles , Richmond, Optus Stadium ,4.15pm,https://www.afl.com.au/afl/matches/8108,CD_M20260140805
2026,ROUND 8,Saturday May 2,Geelong Cats , North Melbourne, GMHBA Stadium ,4.35pm,https://www.afl.com.au/afl/matches/8106,CD_M20260140806
2026,ROUND 8,Saturday May 2,Carlton , St Kilda, Marvel Stadium,7.35pm,https://www.afl.com.au/afl/matches/8114,CD_M20260140807
2026,ROUND 8,Sunday May 3,Sydney Swans , Melbourne, SCG ,3.15pm,https://www.afl.com.au/afl/matches/8107,CD_M20260140808
2026,ROUND 8,Sunday May 3,Gold Coast Suns , GWS Giants, People First Stadium ,7.20pm,https://www.afl.com.au/afl/matches/8111,CD_M20260140809
2026,ROUND 9,Thursday May 7,Fremantle , Hawthorn, Optus Stadium ,8.10pm,https://www.afl.com.au/afl/matches/8113,CD_M20260140901
2026,ROUND 9,Friday May 8,Brisbane Lions , Carlton, The Gabba ,7.30pm,https://www.afl.com.au/afl/matches/8116,CD_M20260140902
2026,ROUND 9,Friday May 8,Port Adelaide , Western Bulldogs, Adelaide Oval,8.10pm,https://www.afl.com.au/afl/matches/8110,CD_M20260140903
2026,ROUND 9,Saturday May 9,North Melbourne , Sydney Swans, Marvel Stadium,1.15pm,https://www.afl.com.au/afl/matches/8112,CD_M20260140904
2026,ROUND 9,Saturday May 9,GWS Giants , Essendon, ENGIE Stadium ,4.15pm,https://www.afl.com.au/afl/matches/8115,CD_M20260140905
2026,ROUND 9,Saturday May 9,Gold Coast Suns , St Kilda, TIO Stadium ,7.10pm,https://www.afl.com.au/afl/matches/8120,CD_M20260140906
2026,ROUND 9,Saturday May 9,Geelong Cats , Collingwood, MCG ,7.35pm,https://www.afl.com.au/afl/matches/8119,CD_M20260140907
2026,ROUND 9,Sunday May 10,Melbourne , West Coast Eagles, Marvel Stadium,1.10pm,https://www.afl.com.au/afl/matches/8122,CD_M20260140908
2026,ROUND 9,Sunday May 10,Richmond , Adelaide Crows, MCG ,3.15pm,https://www.afl.com.au/afl/matches/8118,CD_M20260140909
2026,ROUND 10,Thursday May 14,Brisbane Lions , Geelong Cats, The Gabba ,7.30pm,https://www.afl.com.au/afl/matches/8117,CD_M20260141001
2026,ROUND 10,Friday May 15,Sydney Swans , Collingwood, SCG ,7.30pm,https://www.afl.com.au/afl/matches/8121,CD_M20260141002
2026,ROUND 10,Friday May 15,Gold Coast Suns , Port Adelaide, TIO Stadium ,8.10pm,https://www.afl.com.au/afl/matches/8125,CD_M20260141003
2026,ROUND 10,Saturday May 16,Adelaide Crows , North Melbourne, Adelaide Oval,1.15pm,https://www.afl.com.au/afl/matches/8124,CD_M20260141004
2026,ROUND 10,Saturday May 16,Melbourne , Hawthorn, MCG ,4.15pm,https://www.afl.com.au/afl/matches/8129,CD_M20260141005
2026,ROUND 10,Saturday May 16,Carlton , Western Bulldogs, Marvel Stadium,7.35pm,https://www.afl.com.au/afl/matches/8123,CD_M20260141006
2026,ROUND 10,Sunday May 17,Essendon , Fremantle, MCG ,1.10pm,https://www.afl.com.au/afl/matches/8126,CD_M20260141007
2026,ROUND 10,Sunday May 17,St Kilda , Richmond, Marvel Stadium,3.15pm,https://www.afl.com.au/afl/matches/8127,CD_M20260141008
2026,ROUND 10,Sunday May 17,West Coast Eagles , GWS Giants, Optus Stadium ,6.15pm,https://www.afl.com.au/afl/matches/8128,CD_M20260141009
2026,ROUND 11,Thursday May 21,Hawthorn , Adelaide Crows, UTAS Stadium ,7.30pm,https://www.afl.com.au/afl/matches/8130,CD_M20260141101
2026,ROUND 11,Friday May 22,Richmond , Essendon, MCG ,7.40pm,https://www.afl.com.au/afl/matches/8131,CD_M20260141102
2026,ROUND 11,Friday May 22,Fremantle , St Kilda, Optus Stadium ,8.30pm,https://www.afl.com.au/afl/matches/8133,CD_M20260141103
2026,ROUND 11,Saturday May 23,North Melbourne , Gold Coast Suns, Marvel Stadium,1.15pm,https://www.afl.com.au/afl/matches/8134,CD_M20260141104
2026,ROUND 11,Saturday May 23,Geelong Cats , Sydney Swans, GMHBA Stadium ,4.15pm,https://www.afl.com.au/afl/matches/8132,CD_M20260141105
2026,ROUND 11,Saturday May 23,Collingwood , West Coast Eagles, MCG ,4.35pm,https://www.afl.com.au/afl/matches/8137,CD_M20260141106
2026,ROUND 11,Saturday May 23,Port Adelaide , Carlton, Adelaide Oval,7.35pm,https://www.afl.com.au/afl/matches/8135,CD_M20260141107
2026,ROUND 11,Sunday May 24,GWS Giants , Brisbane Lions, ENGIE Stadium ,12.30pm,https://www.afl.com.au/afl/matches/8136,CD_M20260141108
2026,ROUND 11,Sunday May 24,Western Bulldogs , Melbourne, Marvel Stadium,3.15pm,https://www.afl.com.au/afl/matches/8138,CD_M20260141109
2026,ROUND 12,Thursday May 28,St Kilda , Hawthorn, Marvel Stadium,7.30pm,https://www.afl.com.au/afl/matches/8139,CD_M20260141201
2026,ROUND 12,Friday May 29,Carlton , Geelong Cats, MCG ,7.40pm,https://www.afl.com.au/afl/matches/8140,CD_M20260141202
2026,ROUND 12,Saturday May 30,Sydney Swans , Richmond, SCG ,1.15pm,https://www.afl.com.au/afl/matches/8141,CD_M20260141203
2026,ROUND 12,Saturday May 30,Brisbane Lions , Fremantle, The Gabba ,4.15pm,https://www.afl.com.au/afl/matches/8142,CD_M20260141204
2026,ROUND 12,Saturday May 30,Western Bulldogs , Collingwood, Marvel Stadium,7.35pm,https://www.afl.com.au/afl/matches/8143,CD_M20260141205
2026,ROUND 12,Sunday May 31,Melbourne , GWS Giants, TIO Traeger Park Oval,3.15pm,https://www.afl.com.au/afl/matches/8144,CD_M20260141206
2026,ROUND 12,Sunday May 31,West Coast Eagles , Essendon, Optus Stadium ,7.20pm,https://www.afl.com.au/afl/matches/8145,CD_M20260141207
2026,ROUND 13,Thursday June 4,Adelaide Crows , Geelong Cats, Adelaide Oval,7.30pm,https://www.afl.com.au/afl/matches/8148,CD_M20260141301
2026,ROUND 13,Friday June 5,Hawthorn , Western Bulldogs, MCG ,7.40pm,https://www.afl.com.au/afl/matches/8146,CD_M20260141302
2026,ROUND 13,Saturday June 6,North Melbourne , Fremantle, Hands Oval,2.15pm,https://www.afl.com.au/afl/matches/8147,CD_M20260141303
2026,ROUND 13,Saturday June 6,Gold Coast Suns , Brisbane Lions, People First Stadium ,5.15pm,https://www.afl.com.au/afl/matches/8150,CD_M20260141304
2026,ROUND 13,Saturday June 6,West Coast Eagles , Port Adelaide, Optus Stadium ,8.15pm,https://www.afl.com.au/afl/matches/8149,CD_M20260141305
2026,ROUND 13,Sunday June 7,Sydney Swans , St Kilda, SCG ,3.15pm,https://www.afl.com.au/afl/matches/8152,CD_M20260141306
2026,ROUND 13,Sunday June 7,Essendon , Carlton, MCG ,7.20pm,https://www.afl.com.au/afl/matches/8151,CD_M20260141307
2026,ROUND 13,Monday June 8,Collingwood , Melbourne, MCG ,3.15pm,https://www.afl.com.au/afl/matches/8153,CD_M20260141308
2026,ROUND 14,Thursday June 11,Western Bulldogs , Adelaide Crows, Marvel Stadium,7.30pm,https://www.afl.com.au/afl/matches/8154,CD_M20260141401
2026,ROUND 14,Friday June 12,Geelong Cats , Gold Coast Suns, GMHBA Stadium ,7.40pm,https://www.afl.com.au/afl/matches/8158,CD_M20260141402
2026,ROUND 14,Saturday June 13,Melbourne , Essendon, MCG ,1.15pm,https://www.afl.com.au/afl/matches/8156,CD_M20260141403
2026,ROUND 14,Saturday June 13,North Melbourne , West Coast Eagles, Optus Stadium ,4.15pm,https://www.afl.com.au/afl/matches/8155,CD_M20260141404
2026,ROUND 14,Saturday June 13,Port Adelaide , Sydney Swans, Adelaide Oval,7.35pm,https://www.afl.com.au/afl/matches/8157,CD_M20260141405
2026,ROUND 14,Sunday June 14,Richmond , Brisbane Lions, Ninja Stadium ,1.10pm,https://www.afl.com.au/afl/matches/8159,CD_M20260141406
2026,ROUND 14,Sunday June 14,St Kilda , GWS Giants, Marvel Stadium,3.15pm,https://www.afl.com.au/afl/matches/8170,CD_M20260141407
2026,ROUND 15,Thursday June 18,Fremantle , Geelong Cats, Optus Stadium ,7.30pm,https://www.afl.com.au/afl/matches/8160,CD_M20260141501
2026,ROUND 15,Friday June 19,Gold Coast Suns , Hawthorn, People First Stadium ,7.40pm,https://www.afl.com.au/afl/matches/8161,CD_M20260141502
2026,ROUND 15,Saturday June 20,Adelaide Crows , Melbourne, Adelaide Oval,1.15pm,https://www.afl.com.au/afl/matches/8164,CD_M20260141503
2026,ROUND 15,Saturday June 20,GWS Giants , Carlton, ENGIE Stadium ,4.15pm,https://www.afl.com.au/afl/matches/8162,CD_M20260141504
2026,ROUND 15,Saturday June 20,Collingwood , Port Adelaide, MCG ,7.35pm,https://www.afl.com.au/afl/matches/8163,CD_M20260141505
2026,ROUND 15,Sunday June 21,Richmond , North Melbourne, MCG ,1.10pm,https://www.afl.com.au/afl/matches/8165,CD_M20260141506
2026,ROUND 15,Sunday June 21,St Kilda , Western Bulldogs, Marvel Stadium,3.15pm,https://www.afl.com.au/afl/matches/8166,CD_M20260141507
2026,ROUND 16,Thursday June 25,Brisbane Lions , Sydney Swans, The Gabba,7.30pm,https://www.afl.com.au/afl/matches/8168,CD_M20260141601
2026,ROUND 16,Saturday June 27,Carlton , West Coast Eagles, Marvel Stadium,1.15pm,https://www.afl.com.au/afl/matches/8167,CD_M20260141602
2026,ROUND 16,Saturday June 27,Collingwood , Richmond, MCG,4.15pm,https://www.afl.com.au/afl/matches/8174,CD_M20260141603
2026,ROUND 16,Friday June 26,Hawthorn , GWS Giants, MCG,7.40pm,https://www.afl.com.au/afl/matches/8172,CD_M20260141605
2026,ROUND 16,Sunday June 28,North Melbourne , Essendon, Marvel Stadium,3.15pm,https://www.afl.com.au/afl/matches/8169,CD_M20260141606
2026,ROUND 16,Saturday June 27,Port Adelaide , Adelaide Crows, Adelaide Oval,7.35pm,https://www.afl.com.au/afl/matches/8179,CD_M20260141607
2026,ROUND 16,Sunday June 28,Fremantle , Gold Coast Suns, Optus Stadium,5.10pm,https://www.afl.com.au/afl/matches/8171,CD_M20260141604
2026,ROUND 17,Sunday July 5,Essendon , St Kilda, Marvel Stadium,3.15pm,https://www.afl.com.au/afl/matches/8173,CD_M20260141701
2026,ROUND 17,Thursday July 2,Geelong Cats , Brisbane Lions, GMHBA Stadium,7.30pm,https://www.afl.com.au/afl/matches/8178,CD_M20260141702
2026,ROUND 17,Saturday July 4,Gold Coast Suns , Collingwood, People First Stadium,4.15pm,https://www.afl.com.au/afl/matches/8180,CD_M20260141703
2026,ROUND 17,Saturday July 4,GWS Giants , Fremantle, Corroboree Group Oval Manuka,1.35pm,https://www.afl.com.au/afl/matches/8187,CD_M20260141704
2026,ROUND 17,Saturday July 4,Hawthorn , Melbourne, UTAS Stadium,1.15pm,https://www.afl.com.au/afl/matches/8175,CD_M20260141705
2026,ROUND 17,Saturday July 4,Richmond , Carlton, MCG,7.35pm,https://www.afl.com.au/afl/matches/8176,CD_M20260141707
2026,ROUND 17,Friday July 3,Sydney Swans , Western Bulldogs, SCG,7.40pm,https://www.afl.com.au/afl/matches/8177,CD_M20260141708
2026,ROUND 17,Sunday July 5,Port Adelaide , North Melbourne, Adelaide Oval,4.40pm,https://www.afl.com.au/afl/matches/8181,CD_M20260141706
2026,ROUND 17,Friday July 3,West Coast Eagles , Adelaide Crows, Optus Stadium,8.10pm,https://www.afl.com.au/afl/matches/8183,CD_M20260141709
2026,ROUND 18,Sunday July 12,Brisbane Lions , Essendon, The Gabba,4.40pm,https://www.afl.com.au/afl/matches/8186,CD_M20260141802
2026,ROUND 18,Saturday July 11,Carlton , Hawthorn, MCG,7.35pm,https://www.afl.com.au/afl/matches/8184,CD_M20260141803
2026,ROUND 18,Friday July 10,Collingwood , North Melbourne, Marvel Stadium,7.40pm,https://www.afl.com.au/afl/matches/8182,CD_M20260141804
2026,ROUND 18,Saturday July 11,GWS Giants , Geelong Cats, ENGIE Stadium,4.15pm,https://www.afl.com.au/afl/matches/8192,CD_M20260141806
2026,ROUND 18,Sunday July 12,Melbourne , Richmond, MCG,3.15pm,https://www.afl.com.au/afl/matches/8185,CD_M20260141807
2026,ROUND 18,Saturday July 11,St Kilda , Port Adelaide, Marvel Stadium,1.15pm,https://www.afl.com.au/afl/matches/8188,CD_M20260141808
2026,ROUND 18,Sunday July 12,Western Bulldogs , West Coast Eagles, Marvel Stadium,1.10pm,https://www.afl.com.au/afl/matches/8193,CD_M20260141809
2026,ROUND 18,Saturday July 11,Adelaide Crows , Gold Coast Suns, Adelaide Oval,8.10pm,https://www.afl.com.au/afl/matches/8190,CD_M20260141801
2026,ROUND 18,Thursday July 9,Fremantle , Sydney Swans, Optus Stadium,8.10pm,https://www.afl.com.au/afl/matches/8189,CD_M20260141805
2026,ROUND 19,Saturday July 18,Collingwood , Carlton, MCG,7.35pm,https://www.afl.com.au/afl/matches/8194,CD_M20260141901
2026,ROUND 19,Sunday July 19,Essendon , GWS Giants, Marvel Stadium,4.40pm,https://www.afl.com.au/afl/matches/8191,CD_M20260141902
2026,ROUND 19,Thursday July 16,Geelong Cats , St Kilda, GMHBA Stadium,7.30pm,https://www.afl.com.au/afl/matches/8195,CD_M20260141903
2026,ROUND 19,Sunday July 19,Gold Coast Suns , Western Bulldogs, People First Stadium,3.15pm,https://www.afl.com.au/afl/matches/8200,CD_M20260141904
2026,ROUND 19,Saturday July 18,North Melbourne , Melbourne, Marvel Stadium,4.15pm,https://www.afl.com.au/afl/matches/8197,CD_M20260141905
2026,ROUND 19,Sunday July 19,Richmond , Hawthorn, MCG,1.10pm,https://www.afl.com.au/afl/matches/8196,CD_M20260141907
2026,ROUND 19,Friday July 17,Sydney Swans , Adelaide Crows, SCG,7.40pm,https://www.afl.com.au/afl/matches/8199,CD_M20260141908
2026,ROUND 19,Saturday July 18,Port Adelaide , Fremantle, Adelaide Oval,1.15pm,https://www.afl.com.au/afl/matches/8198,CD_M20260141906
2026,ROUND 19,Saturday July 18,West Coast Eagles , Brisbane Lions, Optus Stadium,8.10pm,https://www.afl.com.au/afl/matches/8202,CD_M20260141909
2026,ROUND 20,Sunday July 26,Brisbane Lions , Port Adelaide, The Gabba,1.10pm,https://www.afl.com.au/afl/matches/8203,CD_M20260142002
2026,ROUND 20,Saturday July 25,Carlton , Gold Coast Suns, Marvel Stadium,1.05pm,https://www.afl.com.au/afl/matches/8201,CD_M20260142003
2026,ROUND 20,Saturday July 25,GWS Giants , Sydney Swans, ENGIE Stadium,4.35pm,https://www.afl.com.au/afl/matches/8208,CD_M20260142005
2026,ROUND 20,Saturday July 25,Hawthorn , Essendon, MCG,4.15pm,https://www.afl.com.au/afl/matches/8206,CD_M20260142006
2026,ROUND 20,Sunday July 26,North Melbourne , St Kilda, Marvel Stadium,3.15pm,https://www.afl.com.au/afl/matches/8207,CD_M20260142007
2026,ROUND 20,Friday July 24,Melbourne , Geelong Cats, MCG,7.40pm,https://www.afl.com.au/afl/matches/8205,CD_M20260142008
2026,ROUND 20,Saturday July 25,Western Bulldogs , Richmond, Marvel Stadium,7.40pm,https://www.afl.com.au/afl/matches/8204,CD_M20260142009
2026,ROUND 20,Thursday July 23,Adelaide Crows , Collingwood, Adelaide Oval,7.30pm,https://www.afl.com.au/afl/matches/8216,CD_M20260142001
2026,ROUND 20,Friday July 24,Fremantle , West Coast Eagles, Optus Stadium,8.10pm,https://www.afl.com.au/afl/matches/8210,CD_M20260142004
2026,ROUND 21,Saturday August 1,Carlton , Brisbane Lions, Marvel Stadium,7.40pm,https://www.afl.com.au/afl/matches/8209,CD_M20260142101
2026,ROUND 21,Thursday July 30,Collingwood , Geelong Cats, MCG,7.30pm,https://www.afl.com.au/afl/matches/8213,CD_M20260142102
2026,ROUND 21,Sunday August 2,Essendon , Adelaide Crows, Marvel Stadium,4.40pm,https://www.afl.com.au/afl/matches/8211,CD_M20260142103
2026,ROUND 21,Sunday August 2,Gold Coast Suns , Melbourne, People First Stadium,3.15pm,https://www.afl.com.au/afl/matches/8215,CD_M20260142105
2026,ROUND 21,Saturday August 1,Hawthorn , North Melbourne, UTAS Stadium,1.35pm,https://www.afl.com.au/afl/matches/8212,CD_M20260142106
2026,ROUND 21,Sunday August 2,Richmond , West Coast Eagles, MCG,1.10pm,https://www.afl.com.au/afl/matches/8214,CD_M20260142108
2026,ROUND 21,Saturday August 1,St Kilda , Sydney Swans, Marvel Stadium,1.05pm,https://www.afl.com.au/afl/matches/8217,CD_M20260142109
2026,ROUND 21,Saturday August 1,Port Adelaide , GWS Giants, Adelaide Oval,6.35pm,https://www.afl.com.au/afl/matches/8221,CD_M20260142107
2026,ROUND 21,Friday July 31,Fremantle , Western Bulldogs, Optus Stadium,8.10pm,https://www.afl.com.au/afl/matches/8218,CD_M20260142104
2026,ROUND 22,Friday August 7,Brisbane Lions , Hawthorn, The Gabba,7.40pm,https://www.afl.com.au/afl/matches/8223,CD_M20260142202
2026,ROUND 22,Saturday August 8,Geelong Cats , Essendon, GMHBA Stadium,4.35pm,https://www.afl.com.au/afl/matches/8219,CD_M20260142203
2026,ROUND 22,Sunday August 9,GWS Giants , Gold Coast Suns, Corroboree Group Oval Manuka,1.10pm,https://www.afl.com.au/afl/matches/8228,CD_M20260142204
2026,ROUND 22,Saturday August 8,Melbourne , Fremantle, MCG,1.15pm,https://www.afl.com.au/afl/matches/8220,CD_M20260142205
2026,ROUND 22,Sunday August 9,St Kilda , Carlton, Marvel Stadium,7.20pm,https://www.afl.com.au/afl/matches/8225,CD_M20260142206
2026,ROUND 22,Saturday August 8,Sydney Swans , Port Adelaide, SCG,4.15pm,https://www.afl.com.au/afl/matches/8222,CD_M20260142207
2026,ROUND 22,Thursday August 6,Western Bulldogs , North Melbourne, Marvel Stadium,7.30pm,https://www.afl.com.au/afl/matches/8224,CD_M20260142209
2026,ROUND 22,Saturday August 8,Adelaide Crows , Richmond, Adelaide Oval,7.35pm,https://www.afl.com.au/afl/matches/8230,CD_M20260142201
2026,ROUND 22,Sunday August 9,West Coast Eagles , Collingwood, Optus Stadium,4.10pm,https://www.afl.com.au/afl/matches/8227,CD_M20260142208
2026,ROUND 23 (dates and times TBC),Thursday August 13 – Sunday August 16,Brisbane Lions , Gold Coast Suns, The Gabba,,https://www.afl.com.au/afl/matches/8229,CD_M20260142301
2026,ROUND 23 (dates and times TBC),Thursday August 13 – Sunday August 16,Essendon , Sydney Swans, MCG,,https://www.afl.com.au/afl/matches/8226,CD_M20260142302
2026,ROUND 23 (dates and times TBC),Thursday August 13 – Sunday August 16,GWS Giants , West Coast Eagles, ENGIE Stadium,,https://www.afl.com.au/afl/matches/8233,CD_M20260142304
2026,ROUND 23 (dates and times TBC),Thursday August 13 – Sunday August 16,Hawthorn , Collingwood, MCG,,https://www.afl.com.au/afl/matches/8244,CD_M20260142305
2026,ROUND 23 (dates and times TBC),Thursday August 13 – Sunday August 16,North Melbourne , Geelong Cats, Marvel Stadium,,https://www.afl.com.au/afl/matches/8231,CD_M20260142306
2026,ROUND 23 (dates and times TBC),Thursday August 13 – Sunday August 16,Richmond , St Kilda, MCG,,https://www.afl.com.au/afl/matches/8238,CD_M20260142308
2026,ROUND 23 (dates and times TBC),Thursday August 13 – Sunday August 16,Western Bulldogs , Carlton, Marvel Stadium,,https://www.afl.com.au/afl/matches/8232,CD_M20260142309
2026,ROUND 23 (dates and times TBC),Thursday August 13 – Sunday August 16,Port Adelaide , Melbourne, Adelaide Oval,,https://www.afl.com.au/afl/matches/8234,CD_M20260142307
2026,ROUND 23 (dates and times TBC),Thursday August 13 – Sunday August 16,Fremantle , Adelaide Crows, Optus Stadium,,https://www.afl.com.au/afl/matches/8237,CD_M20260142303
2026,ROUND 24 (dates and times TBC),Thursday August 20 – Sunday August 23,Collingwood , Brisbane Lions, MCG,,https://www.afl.com.au/afl/matches/8239,CD_M20260142402
2026,ROUND 24 (dates and times TBC),Thursday August 20 – Sunday August 23,Carlton , Fremantle, Marvel Stadium,,https://www.afl.com.au/afl/matches/8240,CD_M20260142403
2026,ROUND 24 (dates and times TBC),Thursday August 20 – Sunday August 23,Essendon , Port Adelaide, Marvel Stadium,,https://www.afl.com.au/afl/matches/8235,CD_M20260142404
2026,ROUND 24 (dates and times TBC),Thursday August 20 – Sunday August 23,Geelong Cats , Richmond, GMHBA Stadium,,https://www.afl.com.au/afl/matches/8246,CD_M20260142405
2026,ROUND 24 (dates and times TBC),Thursday August 20 – Sunday August 23,Melbourne , Western Bulldogs, MCG,,https://www.afl.com.au/afl/matches/8236,CD_M20260142406
2026,ROUND 24 (dates and times TBC),Thursday August 20 – Sunday August 23,St Kilda , Gold Coast Suns, Marvel Stadium,,https://www.afl.com.au/afl/matches/8242,CD_M20260142407
2026,ROUND 24 (dates and times TBC),Thursday August 20 – Sunday August 23,Sydney Swans , North Melbourne, SCG,,https://www.afl.com.au/afl/matches/8245,CD_M20260142408
2026,ROUND 24 (dates and times TBC),Thursday August 20 – Sunday August 23,Adelaide Crows , GWS Giants, Adelaide Oval,,https://www.afl.com.au/afl/matches/8243,CD_M20260142401
2026,ROUND 24 (dates and times TBC),Thursday August 20 – Sunday August 23,West Coast Eagles , Hawthorn, Optus Stadium,,https://www.afl.com.au/afl/matches/8241,CD_M20260142409
