ID,Club,Number,Season,Champion Data ID
Aaron Cadman,GWS Giants,5,2025,CD_I1019038
Aaron Francis,Sydney Swans,10,2025,CD_I990816
Aaron Naughton,Western Bulldogs,33,2025,CD_I1002404
Adam Cerra,Carlton,5,2025,CD_I1002239
Adam Saad,Carlton,42,2025,CD_I295461
Adam Treloar,Western Bulldogs,1,2025,CD_I291790
Aidan Corr,North Melbourne,4,2025,CD_I294508
Aidan Johnson,Melbourne,42,2025,CD_I1024173
Aiden Riddle,Fremantle,42,2025,CD_I1028228
Alex Cincotta,Carlton,39,2025,CD_I1016268
Alex Davies,Gold Coast Suns,5,2025,CD_I1013268
Alex Dodson,St Kilda,30,2025,CD_I1027011
Alex Neal-Bullen,Adelaide Crows,28,2025,CD_I296420
Alex Pearce,Fremantle,25,2025,CD_I298409
Alex Sexton,Gold Coast Suns,6,2025,CD_I294643
Aliir Aliir,Port Adelaide,21,2025,CD_I294469
Alix Tauru,St Kilda,26,2025,CD_I1030433
Alwyn Davey,Essendon,33,2025,CD_I1017933
Andrew Brayshaw,Fremantle,8,2025,CD_I1002232
Andrew McGrath,Essendon,1,2025,CD_I998102
Andy Moniz-Wakefield,Melbourne,45,2025,CD_I1013165
Angus Clarke,Essendon,36,2025,CD_I1027284
Angus Hastie,St Kilda,24,2025,CD_I1027872
Angus McLennan,St Kilda,41,2025,CD_I1017077
Angus Sheldrick,Sydney Swans,12,2025,CD_I1020339
Anthony Caminiti,St Kilda,47,2025,CD_I1023784
Anthony Scott,Western Bulldogs,28,2025,CD_I992048
Archer Day-Wicks,Essendon,44,2025,CD_I1029265
Archer Reid,West Coast Eagles,22,2025,CD_I1027693
Archie May,Essendon,26,2025,CD_I1029084
Archie Perkins,Essendon,16,2025,CD_I1015873
Archie Roberts,Essendon,21,2025,CD_I1023515
Arie Schoenmaker,St Kilda,27,2025,CD_I1024279
Arthur Jones,Western Bulldogs,32,2025,CD_I1020586
Ash Johnson,Collingwood,40,2025,CD_I997974
Asher Eastham,Gold Coast Suns,42,2025,CD_I1028541
Ashton Moir,Carlton,43,2025,CD_I1020097
Bailey Banfield,Fremantle,41,2025,CD_I998180
Bailey Dale,Western Bulldogs,31,2025,CD_I996708
Bailey Humphrey,Gold Coast Suns,19,2025,CD_I1023500
Bailey Laurie,Melbourne,16,2025,CD_I1012826
Bailey Macdonald,Hawthorn,42,2025,CD_I1029261
Bailey Scott,North Melbourne,8,2025,CD_I1006058
Bailey Smith,Geelong Cats,3,2025,CD_I1006130
Bailey Williams,West Coast Eagles,32,2025,CD_I1006114
Bailey Williams,Western Bulldogs,34,2025,CD_I992351
Bayley Fritsch,Melbourne,31,2025,CD_I1001438
Beau McCreery,Collingwood,31,2025,CD_I1004757
Ben Ainsworth,Gold Coast Suns,9,2025,CD_I998130
Ben Camporeale,Carlton,16,2025,CD_I1027282
Ben Hobbs,Essendon,8,2025,CD_I1017088
Ben Jepson,Gold Coast Suns,44,2025,CD_I1011950
Ben Keays,Adelaide Crows,2,2025,CD_I993946
Ben King,Gold Coast Suns,34,2025,CD_I1006144
Ben Long,Gold Coast Suns,22,2025,CD_I993917
Ben McKay,Essendon,32,2025,CD_I1002143
Ben Miller,Richmond,12,2025,CD_I1002403
Ben Paton,Sydney Swans,25,2025,CD_I1004985
Benny Barrett,Port Adelaide,40,2025,CD_I1022601
Billy Dowling,Adelaide Crows,31,2025,CD_I1015329
Billy Frampton,Collingwood,17,2025,CD_I991773
Billy Wilson,Carlton,35,2025,CD_I1027678
Blake Acres,Carlton,13,2025,CD_I296294
Blake Hardwick,Hawthorn,15,2025,CD_I993794
Blake Howes,Melbourne,22,2025,CD_I1017122
Blake Leidler,Sydney Swans,32,2025,CD_I1028564
Bo Allan,West Coast Eagles,26,2025,CD_I1028449
Bobby Hill,Collingwood,23,2025,CD_I1006148
Bodhi Uwland,Gold Coast Suns,32,2025,CD_I1017665
Bodie Ryan,Hawthorn,26,2025,CD_I1022473
Brad Close,Geelong Cats,45,2025,CD_I999326
Brad Crouch,St Kilda,,2025,CD_I294307
Brad Hill,St Kilda,8,2025,CD_I295584
Brady Hough,West Coast Eagles,19,2025,CD_I1023167
Braeden Campbell,Sydney Swans,16,2025,CD_I1013133
Brandon Ryan,Brisbane Lions,24,2025,CD_I1012127
Brandon Starcevich,Brisbane Lions,37,2025,CD_I1002401
Brandon Walker,Fremantle,31,2025,CD_I1009410
Brandon Zerk-Thatcher,Port Adelaide,25,2025,CD_I1004034
Brayden Cook,Adelaide Crows,15,2025,CD_I1018335
Brayden Fiorini,Gold Coast Suns,8,2025,CD_I993799
Brayden George,North Melbourne,33,2025,CD_I1023544
Brayden Maynard,Collingwood,4,2025,CD_I992010
Brennan Cox,Fremantle,36,2025,CD_I997033
Brent Daniels,GWS Giants,16,2025,CD_I1002251
Brodie Grundy,Sydney Swans,4,2025,CD_I293957
Brodie Kemp,Carlton,17,2025,CD_I1009241
Brodie Smith,Adelaide Crows,33,2025,CD_I291748
Brody Mihocek,Collingwood,41,2025,CD_I291849
Bruce Reville,Brisbane Lions,38,2025,CD_I1009317
Brynn Teakle,North Melbourne,43,2025,CD_I1007591
Buku Khamis,Western Bulldogs,24,2025,CD_I998782
Caiden Cleary,Sydney Swans,33,2025,CD_I1024057
Caleb Daniel,North Melbourne,5,2025,CD_I295136
Caleb Graham,Gold Coast Suns,46,2025,CD_I1006087
Caleb Lewis,Gold Coast Suns,45,2025,CD_I1017493
Caleb Mitchell,Sydney Swans,35,2025,CD_I1024096
Caleb Poulter,Western Bulldogs,25,2025,CD_I1011589
Caleb Serong,Fremantle,3,2025,CD_I1009420
Caleb Windsor,Melbourne,6,2025,CD_I1027821
Callan Ward,GWS Giants,8,2025,CD_I280109
Callum Ah Chee,Brisbane Lions,4,2025,CD_I298437
Callum Brown,GWS Giants,46,2025,CD_I1014038
Callum Coleman-Jones,North Melbourne,21,2025,CD_I1000061
Callum Jamieson,West Coast Eagles,40,2025,CD_I1011243
Callum M. Brown,GWS Giants,,2025,CD_I1014038
Callum Mills,Sydney Swans,14,2025,CD_I993905
Callum Wilkie,St Kilda,44,2025,CD_I296422
Calsher Dear,Hawthorn,35,2025,CD_I1032100
Cam Mackenzie,Hawthorn,28,2025,CD_I1023482
Cam Rayner,Brisbane Lions,16,2025,CD_I1002235
Cameron Guthrie,Geelong Cats,29,2025,CD_I290550
Cameron Zurhaar,North Melbourne,44,2025,CD_I998484
Campbell Chesser,West Coast Eagles,18,2025,CD_I1017057
Campbell Gray,Richmond,50,2025,CD_I1036103
Chad Warner,Sydney Swans,1,2025,CD_I1012014
Changkuoth Jiath,Hawthorn,9,2025,CD_I998390
Charlie Ballard,Gold Coast Suns,10,2025,CD_I1008882
Charlie Cameron,Brisbane Lions,23,2025,CD_I990609
Charlie Comben,North Melbourne,30,2025,CD_I1015781
Charlie Curnow,Carlton,30,2025,CD_I996731
Charlie Dean,Collingwood,43,2025,CD_I1009197
Charlie Edwards,Adelaide Crows,11,2025,CD_I1028671
Charlie Nicholls,Fremantle,22,2025,CD_I1027155
Charlie Spargo,Melbourne,9,2025,CD_I1002282
Charlie West,Collingwood,29,2025,CD_I1027382
Chayce Jones,Adelaide Crows,1,2025,CD_I1006203
Chris Burgess,Adelaide Crows,21,2025,CD_I1000068
Christian Moraes,Port Adelaide,31,2025,CD_I1028563
Christian Petracca,Melbourne,5,2025,CD_I298210
Christian Salem,Melbourne,3,2025,CD_I296359
Cillian Burke,Geelong Cats,41,2025,CD_I1039509
Clay Hall,West Coast Eagles,29,2025,CD_I1024188
Clayton Oliver,Melbourne,13,2025,CD_I996701
Cody Anderson,Hawthorn,32,2025,CD_I1028566
Cody Angove,GWS Giants,29,2025,CD_I1032619
Cody Weightman,Western Bulldogs,3,2025,CD_I1011803
Coen Livingstone,West Coast Eagles,39,2025,CD_I1028291
Colby McKercher,North Melbourne,10,2025,CD_I1024272
Connor Budarick,Gold Coast Suns,35,2025,CD_I1008454
Connor Idun,GWS Giants,39,2025,CD_I1008083
Connor Macdonald,Hawthorn,31,2025,CD_I1017094
Connor O'Sullivan,Geelong Cats,14,2025,CD_I1027877
Connor Rozee,Port Adelaide,1,2025,CD_I1001299
Conor McKenna,Brisbane Lions,26,2025,CD_I997846
Conor Nash,Hawthorn,11,2025,CD_I1007124
Conor Stone,GWS Giants,18,2025,CD_I1015862
Cooper Bell,Gold Coast Suns,31,2025,CD_I1029065
Cooper Harvey,North Melbourne,37,2025,CD_I1020979
Cooper Hynes,Western Bulldogs,6,2025,CD_I1029456
Cooper Lord,Carlton,36,2025,CD_I1032108
Cooper Sharman,St Kilda,43,2025,CD_I1018018
Cooper Simpson,Fremantle,29,2025,CD_I1027656
Cooper Trembath,North Melbourne,47,2025,CD_I1031988
Corey Durdin,Carlton,19,2025,CD_I1008510
Corey Wagner,Fremantle,34,2025,CD_I993940
Corey Warner,Sydney Swans,37,2025,CD_I1018424
Dan Butler,St Kilda,16,2025,CD_I992374
Dan Curtin,Adelaide Crows,6,2025,CD_I1024023
Dan Houston,Collingwood,9,2025,CD_I994295
Dane Rampe,Sydney Swans,24,2025,CD_I290307
Daniel McStay,Collingwood,11,2025,CD_I297504
Daniel Rioli,Gold Coast Suns,17,2025,CD_I1000981
Daniel Turner,Melbourne,10,2025,CD_I1020959
Dante Visentini,Port Adelaide,38,2025,CD_I1017128
Darcy Byrne-Jones,Port Adelaide,33,2025,CD_I991930
Darcy Cameron,Collingwood,14,2025,CD_I990291
Darcy Craven,Brisbane Lions,50,2025,CD_I1024193
Darcy Fogarty,Adelaide Crows,32,2025,CD_I999331
Darcy Fort,Brisbane Lions,32,2025,CD_I298211
Darcy Gardiner,Brisbane Lions,27,2025,CD_I296269
Darcy Jones,GWS Giants,2,2025,CD_I1020650
Darcy Moore,Collingwood,30,2025,CD_I298288
Darcy Parish,Essendon,3,2025,CD_I993817
Darcy Tucker,North Melbourne,13,2025,CD_I993816
Darcy Wilmot,Brisbane Lions,44,2025,CD_I1017067
Darcy Wilson,St Kilda,22,2025,CD_I1027875
Darragh Joyce,Brisbane Lions,41,2025,CD_I1003520
David Swallow,Gold Coast Suns,24,2025,CD_I290832
Dayne Zorko,Brisbane Lions,15,2025,CD_I261224
Deven Robertson,Brisbane Lions,2,2025,CD_I1009385
Dion Prestia,Richmond,3,2025,CD_I290627
Dom Sheed,West Coast Eagles,4,2025,CD_I296296
Dougal Howard,St Kilda,20,2025,CD_I993480
Dylan Moore,Hawthorn,13,2025,CD_I1006314
Dylan Shiel,Essendon,9,2025,CD_I291783
Dylan Stephens,North Melbourne,15,2025,CD_I1004848
Dylan Williams,Port Adelaide,23,2025,CD_I1009195
Eamonn Armstrong,St Kilda,46,2025,CD_I1039730
Ed Allan,Collingwood,16,2025,CD_I1022915
Ed Langdon,Melbourne,15,2025,CD_I298264
Ed Richards,Western Bulldogs,20,2025,CD_I1008280
Eddie Ford,North Melbourne,40,2025,CD_I1012833
Elijah Hewett,West Coast Eagles,8,2025,CD_I1020670
Elijah Hollands,Carlton,20,2025,CD_I1012862
Elijah Tsatas,Essendon,5,2025,CD_I1023785
Elliot Himmelberg,Gold Coast Suns,12,2025,CD_I1005199
Elliot Yeo,West Coast Eagles,6,2025,CD_I292128
Eric Hipwood,Brisbane Lions,30,2025,CD_I993953
Errol Gulden,Sydney Swans,21,2025,CD_I1013128
Esava Ratugolea,Port Adelaide,27,2025,CD_I1002220
Ethan Read,Gold Coast Suns,20,2025,CD_I1027033
Ewan Mackinlay,Port Adelaide,49,2025,CD_I1027887
Finlay Macrae,Collingwood,18,2025,CD_I1012828
Finn Callaghan,GWS Giants,17,2025,CD_I1023266
Finn Maginness,Hawthorn,20,2025,CD_I1009421
Finn O'Sullivan,North Melbourne,2,2025,CD_I1028495
Finnbar Maley,North Melbourne,39,2025,CD_I1031792
Flynn Young,Carlton,45,2025,CD_I1020877
Francis Evans,Carlton,44,2025,CD_I1017255
Geordie Payne,North Melbourne,23,2025,CD_I1027726
George Hewett,Carlton,29,2025,CD_I294036
George Stevens,Geelong Cats,15,2025,CD_I1023681
George Wardlaw,North Melbourne,6,2025,CD_I1023477
Griffin Logue,North Melbourne,19,2025,CD_I997933
Gryan Miers,Geelong Cats,32,2025,CD_I1004938
Hamish Davis,West Coast Eagles,38,2025,CD_I1032624
Harley Reid,West Coast Eagles,9,2025,CD_I1023492
Harris Andrews,Brisbane Lions,31,2025,CD_I996059
Harrison Jones,Essendon,23,2025,CD_I1011755
Harrison Oliver,GWS Giants,,2025,CD_I1028562
Harrison Petty,Melbourne,35,2025,CD_I1008893
Harrison Ramm,Port Adelaide,48,2025,CD_I1027311
Harry Armstrong,Richmond,34,2025,CD_I1028525
Harry Barnett,West Coast Eagles,30,2025,CD_I1020057
Harry Charleson,Carlton,28,2025,CD_I1028496
Harry Cunningham,Sydney Swans,7,2025,CD_I291978
Harry Demattia,Collingwood,13,2025,CD_I1027673
Harry Edwards,West Coast Eagles,42,2025,CD_I1011437
Harry Himmelberg,GWS Giants,27,2025,CD_I993107
Harry Lemmey,Carlton,31,2025,CD_I1020072
Harry McKay,Carlton,10,2025,CD_I1000953
Harry Morrison,Hawthorn,1,2025,CD_I1000963
Harry O'Farrell,Carlton,22,2025,CD_I1028526
Harry Oliver,GWS Giants,19,2025,CD_I1028562
Harry Perryman,Collingwood,12,2025,CD_I998205
Harry Rowston,GWS Giants,24,2025,CD_I1021122
Harry Schoenberg,Adelaide Crows,26,2025,CD_I1008543
Harry Sharp,Melbourne,30,2025,CD_I1007099
Harry Sheezel,North Melbourne,3,2025,CD_I1023518
Harvey Gallagher,Western Bulldogs,12,2025,CD_I1017087
Harvey Harrison,Collingwood,36,2025,CD_I1015332
Harvey Johnston,West Coast Eagles,24,2025,CD_I1027969
Harvey Langford,Melbourne,19,2025,CD_I1028546
Harvey Thomas,GWS Giants,1,2025,CD_I1027925
Hayden McLean,Sydney Swans,2,2025,CD_I1003203
Hayden Young,Fremantle,26,2025,CD_I1009256
Heath Chapman,Fremantle,5,2025,CD_I1013224
Henry Hustwaite,Hawthorn,44,2025,CD_I1023680
Henry Smith,Brisbane Lions,25,2025,CD_I1016189
Hudson O'Keeffe,Carlton,40,2025,CD_I1023489
Hugh Bond,Adelaide Crows,40,2025,CD_I1023534
Hugh Boxshall,St Kilda,38,2025,CD_I1029148
Hugh Davies,Fremantle,12,2025,CD_I1022927
Hugh Jackson,Port Adelaide,39,2025,CD_I1015330
Hugh McCluggage,Brisbane Lions,6,2025,CD_I1000978
Hugo Garcia,St Kilda,34,2025,CD_I1027790
Hugo Ralphsmith,Richmond,13,2025,CD_I1011985
Hunter Clark,St Kilda,11,2025,CD_I1002264
Iliro Smit,Collingwood,20,2025,CD_I1027834
Indhi Kirk,Sydney Swans,31,2025,CD_I1027058
Isaac Cumming,Adelaide Crows,44,2025,CD_I1001396
Isaac Heeney,Sydney Swans,5,2025,CD_I298539
Isaac Kako,Essendon,10,2025,CD_I1028554
Isaac Keeler,St Kilda,17,2025,CD_I1015323
Isaac Quaynor,Collingwood,3,2025,CD_I1008089
Isaiah Dudley,Fremantle,43,2025,CD_I1011558
Ivan Soldo,Port Adelaide,13,2025,CD_I998529
Izak Rankine,Adelaide Crows,23,2025,CD_I1001195
Jack Billings,Melbourne,14,2025,CD_I296351
Jack Bowes,Geelong Cats,12,2025,CD_I998260
Jack Buckley,GWS Giants,44,2025,CD_I1009708
Jack Buller,Sydney Swans,39,2025,CD_I1009392
Jack Carroll,St Kilda,18,2025,CD_I1013233
Jack Crisp,Collingwood,25,2025,CD_I293871
Jack Darling,North Melbourne,28,2025,CD_I290838
Jack Delean,Fremantle,40,2025,CD_I1019975
Jack Ginnivan,Hawthorn,33,2025,CD_I1012857
Jack Graham,West Coast Eagles,17,2025,CD_I990827
Jack Gunston,Hawthorn,19,2025,CD_I291351
Jack Henderson,Melbourne,43,2025,CD_I1008183
Jack Henry,Geelong Cats,38,2025,CD_I1000937
Jack Higgins,St Kilda,1,2025,CD_I1002227
Jack Hutchinson,West Coast Eagles,44,2025,CD_I1036098
Jack Lukosius,Port Adelaide,12,2025,CD_I1004095
Jack Macrae,St Kilda,6,2025,CD_I295467
Jack Martin,Geelong Cats,19,2025,CD_I296190
Jack Ough,GWS Giants,28,2025,CD_I1028539
Jack Payne,Brisbane Lions,40,2025,CD_I1002347
Jack Petruccelle,West Coast Eagles,21,2025,CD_I1006550
Jack Ross,Richmond,5,2025,CD_I1006133
Jack Scrimshaw,Hawthorn,14,2025,CD_I998114
Jack Silvagni,Carlton,1,2025,CD_I1001028
Jack Sinclair,St Kilda,35,2025,CD_I994389
Jack Steele,St Kilda,9,2025,CD_I296205
Jack Viney,Melbourne,7,2025,CD_I291902
Jack Whitlock,Port Adelaide,17,2025,CD_I1032053
Jack Williams,West Coast Eagles,34,2025,CD_I1020371
Jackson Archer,North Melbourne,34,2025,CD_I1020968
Jackson Mead,Port Adelaide,44,2025,CD_I1005326
Jacob Bauer,Richmond,43,2025,CD_I1021152
Jacob Blight,Richmond,46,2025,CD_I1013229
Jacob Hopper,Richmond,2,2025,CD_I993903
Jacob Konstanty,North Melbourne,41,2025,CD_I1023530
Jacob Koschitzke,Richmond,20,2025,CD_I1006030
Jacob Molier,Geelong Cats,20,2025,CD_I1027006
Jacob Moss,Port Adelaide,42,2025,CD_I1038914
Jacob Newton,West Coast Eagles,46,2025,CD_I1022486
Jacob van Rooyen,Melbourne,2,2025,CD_I1017720
Jacob Wehr,GWS Giants,10,2025,CD_I1004530
Jacob Weitering,Carlton,23,2025,CD_I993832
Jade Gresham,Essendon,11,2025,CD_I298421
Jaeger O'Meara,Fremantle,2,2025,CD_I294613
Jagga Smith,Carlton,7,2025,CD_I1028515
Jai Culley,Melbourne,46,2025,CD_I1020802
Jai Newcombe,Hawthorn,3,2025,CD_I1020895
Jai Serong,Hawthorn,29,2025,CD_I1017091
Jaime Uhr-Henry,Hawthorn,43,2025,CD_I1039499
Jake Bowey,Melbourne,17,2025,CD_I1012825
Jake Kolodjashnij,Geelong Cats,8,2025,CD_I296291
Jake Lever,Melbourne,8,2025,CD_I298281
Jake Lloyd,Sydney Swans,44,2025,CD_I295342
Jake Melksham,Melbourne,18,2025,CD_I280824
Jake Riccardi,GWS Giants,26,2025,CD_I1008123
Jake Rogers,Gold Coast Suns,29,2025,CD_I1018123
Jake Soligo,Adelaide Crows,14,2025,CD_I1017109
Jake Stringer,GWS Giants,20,2025,CD_I293884
Jake Waterman,West Coast Eagles,2,2025,CD_I996554
Jakob Ryan,Collingwood,24,2025,CD_I1020104
Jamarra Ugle-Hagan,Western Bulldogs,2,2025,CD_I1009301
James Aish,Fremantle,11,2025,CD_I295067
James Barrat,St Kilda,28,2025,CD_I1028545
James Blanck,Hawthorn,36,2025,CD_I1011839
James Borlase,Adelaide Crows,35,2025,CD_I1009029
James Harmes,Western Bulldogs,22,2025,CD_I297899
James Jordon,Sydney Swans,17,2025,CD_I1013409
James Leake,GWS Giants,30,2025,CD_I1032119
James O'Donnell,Western Bulldogs,18,2025,CD_I1032966
James Peatling,Adelaide Crows,25,2025,CD_I1006013
James Rowbottom,Sydney Swans,8,2025,CD_I1006126
James Sicily,Hawthorn,6,2025,CD_I297566
James Trezise,Richmond,36,2025,CD_I1031829
James Tunstill,Brisbane Lions,29,2025,CD_I1021108
James Worpel,Hawthorn,5,2025,CD_I1002222
Jamie Cripps,West Coast Eagles,15,2025,CD_I290826
Jamie Elliott,Collingwood,5,2025,CD_I293801
Jaren Carr,Fremantle,38,2025,CD_I1023047
Jarman Impey,Hawthorn,4,2025,CD_I296254
Jarrod Berry,Brisbane Lions,7,2025,CD_I998133
Jarrod Witts,Gold Coast Suns,28,2025,CD_I291975
Jase Burgoyne,Port Adelaide,7,2025,CD_I1013462
Jason Horne-Francis,Port Adelaide,18,2025,CD_I1011640
Jason Johannisen,Western Bulldogs,39,2025,CD_I294101
Jaspa Fletcher,Brisbane Lions,3,2025,CD_I1023708
Jasper Alger,Richmond,29,2025,CD_I1028537
Jasper Scaife,Hawthorn,39,2025,CD_I1018122
Jaxon Binns,Carlton,25,2025,CD_I1023533
Jaxon Prior,Essendon,25,2025,CD_I1009386
Jay Polkinghorne,Geelong Cats,2,2025,CD_I1027428
Jayden Hunt,West Coast Eagles,5,2025,CD_I994385
Jayden Laverde,Essendon,15,2025,CD_I298280
Jayden Nguyen,Essendon,42,2025,CD_I1018987
Jayden Short,Richmond,15,2025,CD_I992049
Jed Adams,Melbourne,26,2025,CD_I1023174
Jed Bews,Geelong Cats,24,2025,CD_I293883
Jed McEntee,Port Adelaide,41,2025,CD_I1004819
Jed Walter,Gold Coast Suns,4,2025,CD_I1023736
Jedd Busslinger,Western Bulldogs,5,2025,CD_I1023017
Jeremy Cameron,Geelong Cats,5,2025,CD_I293845
Jeremy Finlayson,Port Adelaide,11,2025,CD_I298111
Jeremy Howe,Collingwood,38,2025,CD_I291313
Jeremy McGovern,West Coast Eagles,20,2025,CD_I294859
Jeremy Sharp,Fremantle,14,2025,CD_I1009380
Jesse Dattoli,Sydney Swans,18,2025,CD_I1029589
Jesse Hogan,GWS Giants,23,2025,CD_I296324
Jesse Motlop,Carlton,3,2025,CD_I1017700
Jhye Clark,Geelong Cats,13,2025,CD_I1023537
Jimmy Webster,St Kilda,29,2025,CD_I290757
Jobe Shanahan,West Coast Eagles,35,2025,CD_I1031913
Joe Berry,Port Adelaide,5,2025,CD_I1028529
Joe Fonti,GWS Giants,37,2025,CD_I1032629
Joe Pike,Geelong Cats,37,2025,CD_I1027854
Joe Richards,Port Adelaide,35,2025,CD_I1008239
Joel Amartey,Sydney Swans,36,2025,CD_I1008091
Joel Cochran,Collingwood,27,2025,CD_I1029000
Joel Freijah,Western Bulldogs,27,2025,CD_I1027704
Joel Hamling,Sydney Swans,29,2025,CD_I295222
Joel Jeffrey,Gold Coast Suns,40,2025,CD_I1005992
John Noble,Gold Coast Suns,2,2025,CD_I1000072
Jonty Faull,Richmond,26,2025,CD_I1028498
Jordan Boyd,Carlton,37,2025,CD_I1002795
Jordan Clark,Fremantle,6,2025,CD_I1006152
Jordan Croft,Western Bulldogs,16,2025,CD_I1013996
Jordan Dawson,Adelaide Crows,12,2025,CD_I992242
Jordan De Goey,Collingwood,2,2025,CD_I994185
Jordan Ridley,Essendon,14,2025,CD_I1001026
Jordon Butts,Adelaide Crows,41,2025,CD_I1004995
Jordon Sweet,Port Adelaide,24,2025,CD_I992330
Josaia Delana,GWS Giants,38,2025,CD_I1029030
Josh Battle,Hawthorn,24,2025,CD_I998134
Josh Daicos,Collingwood,7,2025,CD_I1005054
Josh Dolan,Western Bulldogs,26,2025,CD_I1034235
Josh Draper,Fremantle,37,2025,CD_I1020668
Josh Dunkley,Brisbane Lions,5,2025,CD_I993834
Josh Fahey,GWS Giants,34,2025,CD_I1017751
Josh Gibcus,Richmond,18,2025,CD_I1017059
Josh Goater,North Melbourne,31,2025,CD_I1017118
Josh Kelly,GWS Giants,22,2025,CD_I296347
Josh Lai,Port Adelaide,43,2025,CD_I1040300
Josh Rachele,Adelaide Crows,8,2025,CD_I1017051
Josh Sinn,Port Adelaide,8,2025,CD_I1017078
Josh Smillie,Richmond,16,2025,CD_I1028572
Josh Treacy,Fremantle,35,2025,CD_I1012819
Josh Ward,Hawthorn,25,2025,CD_I1017110
Josh Weddle,Hawthorn,23,2025,CD_I1027935
Josh Worrell,Adelaide Crows,24,2025,CD_I1011981
Judd McVee,Melbourne,4,2025,CD_I1017703
Judson Clarke,Richmond,23,2025,CD_I1017043
Justin McInerney,Sydney Swans,27,2025,CD_I1011936
Jy Farrar,Gold Coast Suns,50,2025,CD_I999715
Jy Simpkin,North Melbourne,12,2025,CD_I993998
Jye Amiss,Fremantle,24,2025,CD_I1020594
Jye Caldwell,Essendon,6,2025,CD_I1006103
Jye Menzie,Essendon,29,2025,CD_I1013201
Kade Chandler,Melbourne,37,2025,CD_I1005330
Kai Lohmann,Brisbane Lions,1,2025,CD_I1014026
Kaleb Smith,Richmond,49,2025,CD_I1022999
Kallan Dawson,North Melbourne,42,2025,CD_I1012144
Kamdyn McIntosh,Richmond,33,2025,CD_I294592
Kane Farrell,Port Adelaide,6,2025,CD_I1002253
Kane McAuliffe,Richmond,28,2025,CD_I1019916
Karl Amon,Hawthorn,10,2025,CD_I297354
Karl Gallagher,Adelaide Crows,36,2025,CD_I1035372
Karl Worner,Fremantle,23,2025,CD_I1021015
Kayle Gerreyn,Essendon,19,2025,CD_I1029159
Keidean Coleman,Brisbane Lions,18,2025,CD_I1006059
Keighton Matofai-Forbes,Geelong Cats,31,2025,CD_I1032141
Kieran Strachan,Adelaide Crows,45,2025,CD_I1008752
Kieren Briggs,GWS Giants,32,2025,CD_I1008436
Koltyn Tholstrup,Melbourne,12,2025,CD_I1023640
Kyle Langford,Essendon,4,2025,CD_I298630
Kynan Brown,Melbourne,41,2025,CD_I1027949
Kysaiah Pickett,Melbourne,36,2025,CD_I1008541
Lachie Ash,GWS Giants,7,2025,CD_I1009253
Lachie Bramble,Western Bulldogs,29,2025,CD_I1000864
Lachie Cowan,Carlton,2,2025,CD_I1021353
Lachie Jaques,Western Bulldogs,11,2025,CD_I1028493
Lachie Jones,Port Adelaide,34,2025,CD_I1011583
Lachie Neale,Brisbane Lions,9,2025,CD_I293535
Lachie Schultz,Collingwood,8,2025,CD_I1000860
Lachie Sullivan,Collingwood,33,2025,CD_I998480
Lachie Weller,Gold Coast Suns,14,2025,CD_I298524
Lachie Whitfield,GWS Giants,6,2025,CD_I294305
Lachlan Blakiston,Essendon,46,2025,CD_I1028196
Lachlan Charleson,Port Adelaide,26,2025,CD_I1014013
Lachlan Fogarty,Carlton,8,2025,CD_I1002228
Lachlan Gulbin,Gold Coast Suns,39,2025,CD_I1029304
Lachlan Keeffe,GWS Giants,25,2025,CD_I290314
Lachlan McAndrew,Adelaide Crows,42,2025,CD_I1021200
Lachlan McNeil,Western Bulldogs,30,2025,CD_I1009015
Lachlan Murphy,Adelaide Crows,4,2025,CD_I1000998
Lachlan Sholl,Adelaide Crows,38,2025,CD_I1006136
Lachlan Smith,Western Bulldogs,40,2025,CD_I1027702
Laitham Vandermeer,Western Bulldogs,23,2025,CD_I1005000
Lance Collard,St Kilda,4,2025,CD_I1017959
Lawson Humphries,Geelong Cats,17,2025,CD_I1013464
Leek Aleer,GWS Giants,21,2025,CD_I1008691
Lennox Hofmann,Geelong Cats,23,2025,CD_I1032114
Leo Lombard,Gold Coast Suns,30,2025,CD_I1029301
Levi Ashcroft,Brisbane Lions,10,2025,CD_I1028560
Lewis Hayes,Essendon,18,2025,CD_I1023487
Lewis Melican,Sydney Swans,43,2025,CD_I996743
Lewis Young,Carlton,33,2025,CD_I997316
Liam Baker,West Coast Eagles,3,2025,CD_I1000223
Liam Duggan,West Coast Eagles,14,2025,CD_I298268
Liam Fawcett,Richmond,37,2025,CD_I1022383
Liam Henry,St Kilda,23,2025,CD_I1005988
Liam Jones,Western Bulldogs,19,2025,CD_I281078
Liam McMahon,Essendon,48,2025,CD_I1012842
Liam O'Connell,St Kilda,45,2025,CD_I1035198
Liam Reidy,Fremantle,18,2025,CD_I1023346
Liam Ryan,West Coast Eagles,1,2025,CD_I1004364
Liam Stocker,St Kilda,14,2025,CD_I1008312
Lincoln McCarthy,Brisbane Lions,11,2025,CD_I293581
Lloyd Johnston,Gold Coast Suns,38,2025,CD_I1024666
Lloyd Meek,Hawthorn,17,2025,CD_I1000980
Loch Rawlinson,West Coast Eagles,36,2025,CD_I1020032
Logan Evans,Port Adelaide,22,2025,CD_I1019938
Logan McDonald,Sydney Swans,6,2025,CD_I1013230
Logan Morris,Brisbane Lions,13,2025,CD_I1028019
Logan Smith,GWS Giants,36,2025,CD_I1032161
Luamon Lual,Essendon,34,2025,CD_I1027706
Lucas Camporeale,Carlton,21,2025,CD_I1022452
Lucca Grego,West Coast Eagles,31,2025,CD_I1018992
Luke Beecken,Brisbane Lions,17,2025,CD_I1008805
Luke Breust,Hawthorn,22,2025,CD_I280744
Luke Cleary,Western Bulldogs,36,2025,CD_I1015929
Luke Davies-Uniacke,North Melbourne,9,2025,CD_I1002267
Luke Jackson,Fremantle,9,2025,CD_I1009399
Luke Kennedy,Western Bulldogs,35,2025,CD_I1032112
Luke Lloyd,Brisbane Lions,19,2025,CD_I1027985
Luke McDonald,North Melbourne,11,2025,CD_I296355
Luke Nankervis,Adelaide Crows,27,2025,CD_I1021031
Luke Parker,North Melbourne,26,2025,CD_I290778
Luke Pedlar,Adelaide Crows,10,2025,CD_I1012218
Luke Ryan,Fremantle,13,2025,CD_I998659
Luke Trainor,Richmond,31,2025,CD_I1028521
Luke Urquhart,North Melbourne,14,2025,CD_I1029281
Luker Kentfield,Melbourne,44,2025,CD_I1024337
Mabior Chol,Hawthorn,18,2025,CD_I994077
Mac Andrew,Gold Coast Suns,1,2025,CD_I1017396
Malakai Champion,West Coast Eagles,37,2025,CD_I1029136
Malcolm Rosas,Gold Coast Suns,41,2025,CD_I1005986
Mani Liddy,Port Adelaide,50,2025,CD_I1008649
Marc Pittonet,Carlton,27,2025,CD_I298290
Marcus Bontempelli,Western Bulldogs,4,2025,CD_I297373
Marcus Windhager,St Kilda,2,2025,CD_I1023270
Mark Blicavs,Geelong Cats,46,2025,CD_I296733
Mark Keane,Adelaide Crows,48,2025,CD_I1013974
Mark O'Connor,Geelong Cats,42,2025,CD_I1007102
Marty Hore,Melbourne,27,2025,CD_I996692
Mason Cox,Collingwood,46,2025,CD_I998647
Mason Redman,Essendon,27,2025,CD_I997078
Mason Wood,St Kilda,32,2025,CD_I295340
Massimo D'Ambrosio,Hawthorn,16,2025,CD_I1005144
Mate Colina,Richmond,39,2025,CD_I1021660
Matt Carroll,Carlton,32,2025,CD_I1027964
Matt Cottrell,Carlton,46,2025,CD_I1008154
Matt Crouch,Adelaide Crows,5,2025,CD_I297401
Matt Duffy,Carlton,41,2025,CD_I1039720
Matt Guelfi,Essendon,35,2025,CD_I996232
Matt Hill,Hawthorn,41,2025,CD_I1039500
Matt Johnson,Fremantle,44,2025,CD_I1016825
Matt Owies,West Coast Eagles,16,2025,CD_I1013973
Matt Roberts,Sydney Swans,34,2025,CD_I1012210
Matt Rowell,Gold Coast Suns,18,2025,CD_I1009208
Matt Whitlock,North Melbourne,35,2025,CD_I1028547
Mattaes Phillipou,St Kilda,25,2025,CD_I1020137
Matthew Flynn,West Coast Eagles,25,2025,CD_I993902
Matthew Jefferson,Melbourne,21,2025,CD_I1023486
Matthew Kennedy,Western Bulldogs,8,2025,CD_I1001398
Maurice Rioli,Richmond,17,2025,CD_I1009551
Max Gawn,Melbourne,11,2025,CD_I290528
Max Gruzewski,GWS Giants,35,2025,CD_I1027921
Max Hall,St Kilda,40,2025,CD_I1020855
Max Heath,St Kilda,42,2025,CD_I1015886
Max Holmes,Geelong Cats,9,2025,CD_I1015889
Max King,St Kilda,12,2025,CD_I1006143
Max Knobel,Gold Coast Suns,37,2025,CD_I1027701
Max Michalanney,Adelaide Crows,16,2025,CD_I1015370
Max Ramsden,Hawthorn,38,2025,CD_I1027965
Michael Frederick,Fremantle,32,2025,CD_I999321
Michael Sellwood,Western Bulldogs,37,2025,CD_I1020621
Michael Walters,Fremantle,10,2025,CD_I281007
Miles Bergman,Port Adelaide,14,2025,CD_I1009191
Miller Bergman,North Melbourne,27,2025,CD_I1017095
Mitch Duncan,Geelong Cats,22,2025,CD_I281065
Mitch Edwards,Geelong Cats,11,2025,CD_I1024304
Mitch Georgiades,Port Adelaide,19,2025,CD_I1010174
Mitch Hinge,Adelaide Crows,20,2025,CD_I1004863
Mitch Knevitt,Geelong Cats,10,2025,CD_I1021103
Mitch Lewis,Hawthorn,2,2025,CD_I1000887
Mitch McGovern,Carlton,11,2025,CD_I297255
Mitch Owens,St Kilda,10,2025,CD_I1023272
Murphy Reid,Fremantle,16,2025,CD_I1028513
Mykelti Lefau,Richmond,42,2025,CD_I1008747
Nasiah Wanganeen-Milera,St Kilda,7,2025,CD_I1015507
Nate Caddy,Essendon,30,2025,CD_I1027899
Nathan Broad,Richmond,35,2025,CD_I295203
Nathan Fyfe,Fremantle,7,2025,CD_I291570
Nathan O'Driscoll,Fremantle,30,2025,CD_I1013220
Nathan Wardius,GWS Giants,42,2025,CD_I1034066
Ned Bowman,Sydney Swans,23,2025,CD_I1027406
Ned Long,Collingwood,44,2025,CD_I1017124
Ned Moyle,Gold Coast Suns,21,2025,CD_I1021013
Ned Reeves,Hawthorn,7,2025,CD_I1001024
Neil Erasmus,Fremantle,28,2025,CD_I1020250
Nic Martin,Essendon,37,2025,CD_I1012013
Nic Newman,Carlton,24,2025,CD_I297907
Nick Blakey,Sydney Swans,22,2025,CD_I1006028
Nick Bryan,Essendon,24,2025,CD_I1011954
Nick Coffield,Western Bulldogs,17,2025,CD_I1005717
Nick Daicos,Collingwood,35,2025,CD_I1023261
Nick Haynes,Carlton,26,2025,CD_I295265
Nick Holman,Gold Coast Suns,7,2025,CD_I297456
Nick Larkey,North Melbourne,20,2025,CD_I1001017
Nick Madden,GWS Giants,41,2025,CD_I1023743
Nick Murray,Adelaide Crows,9,2025,CD_I1008230
Nick Vlastuin,Richmond,1,2025,CD_I294674
Nick Watson,Hawthorn,34,2025,CD_I1023473
Nik Cox,Essendon,13,2025,CD_I1015827
Noah Anderson,Gold Coast Suns,15,2025,CD_I1009199
Noah Answerth,Brisbane Lions,43,2025,CD_I1005053
Noah Balta,Richmond,21,2025,CD_I1002245
Noah Howes,Collingwood,47,2025,CD_I1022614
Noah Long,West Coast Eagles,13,2025,CD_I1023496
Noah Mraz,Hawthorn,21,2025,CD_I1028643
Odin Jones,Fremantle,27,2025,CD_I1028371
Oisin Mullin,Geelong Cats,34,2025,CD_I1024982
Oleg Markov,Collingwood,37,2025,CD_I298358
Oli Wiltshire,Geelong Cats,21,2025,CD_I1020881
Oliver Dempsey,Geelong Cats,28,2025,CD_I1025034
Oliver Florent,Sydney Swans,13,2025,CD_I998103
Oliver Hayes-Brown,Richmond,47,2025,CD_I1035199
Oliver Henry,Geelong Cats,36,2025,CD_I1012860
Oliver Hollands,Carlton,4,2025,CD_I1023495
Oliver Sestan,Melbourne,38,2025,CD_I1029973
Ollie Hannaford,GWS Giants,13,2025,CD_I1028485
Ollie Lord,Port Adelaide,30,2025,CD_I1012881
Ollie Murphy,Fremantle,33,2025,CD_I1027990
Ollie Wines,Port Adelaide,16,2025,CD_I294318
Orazio Fantasia,Carlton,14,2025,CD_I296334
Oscar Adams,Gold Coast Suns,48,2025,CD_I1015515
Oscar Allen,West Coast Eagles,12,2025,CD_I1004385
Oscar McDonald,Fremantle,21,2025,CD_I992472
Oscar McInerney,Brisbane Lions,46,2025,CD_I1005521
Oscar Ryan,Adelaide Crows,22,2025,CD_I1027893
Oscar Steene,Collingwood,21,2025,CD_I1022844
Oskar Baker,Western Bulldogs,13,2025,CD_I1008855
Paddy Dow,St Kilda,15,2025,CD_I1002256
Patrick Cripps,Carlton,9,2025,CD_I990704
Patrick Dangerfield,Geelong Cats,35,2025,CD_I270917
Patrick Lipinski,Collingwood,1,2025,CD_I1003130
Patrick Retschko,Geelong Cats,27,2025,CD_I1032081
Patrick Said,St Kilda,33,2025,CD_I1028514
Patrick Snell,Sydney Swans,41,2025,CD_I1024685
Patrick Voss,Fremantle,20,2025,CD_I1017754
Paul Curtis,North Melbourne,25,2025,CD_I1002947
Peter Ladhams,Sydney Swans,19,2025,CD_I997142
Peter Wright,Essendon,20,2025,CD_I298289
Phoenix Gothard,GWS Giants,11,2025,CD_I1032042
Quinton Narkle,Fremantle,19,2025,CD_I999824
Reece Torrent,Brisbane Lions,36,2025,CD_I1024187
Reef McInnes,Collingwood,26,2025,CD_I1013278
Reilly O'Brien,Adelaide Crows,43,2025,CD_I297523
Reuben Ginbey,West Coast Eagles,7,2025,CD_I1023025
Rhett Bazzo,West Coast Eagles,33,2025,CD_I1017718
Rhyan Mansell,Richmond,7,2025,CD_I1008478
Rhylee West,Western Bulldogs,14,2025,CD_I1006127
Rhys Stanley,Geelong Cats,1,2025,CD_I280317
Rhys Unwin,Essendon,38,2025,CD_I1032023
Riak Andrew,Sydney Swans,20,2025,CD_I1027659
Ricky Mentha,Melbourne,39,2025,CD_I1029211
Riley Bice,Sydney Swans,26,2025,CD_I1008224
Riley Garcia,Western Bulldogs,38,2025,CD_I1006533
Riley Hardeman,North Melbourne,17,2025,CD_I1023625
Riley Thilthorpe,Adelaide Crows,7,2025,CD_I1008384
River Stevens,North Melbourne,36,2025,CD_I1031989
Roan Steele,Collingwood,45,2025,CD_I1027501
Rob Monahan,Carlton,34,2025,CD_I1035129
Robbie Fox,Sydney Swans,42,2025,CD_I291848
Robert Hansen,North Melbourne,46,2025,CD_I1023144
Rory Atkins,Port Adelaide,32,2025,CD_I294472
Rory Laird,Adelaide Crows,29,2025,CD_I293222
Rory Lobb,Western Bulldogs,7,2025,CD_I990740
Rowan Marshall,St Kilda,19,2025,CD_I992468
Ryan Angwin,GWS Giants,9,2025,CD_I1015777
Ryan Burton,Port Adelaide,3,2025,CD_I992128
Ryan Byrnes,St Kilda,13,2025,CD_I1011994
Ryan Gardner,Western Bulldogs,43,2025,CD_I997501
Ryan Lester,Brisbane Lions,35,2025,CD_I291548
Ryan Maric,West Coast Eagles,23,2025,CD_I1029416
Ryley Sanders,Western Bulldogs,9,2025,CD_I1017939
Saad El-Hawli,Essendon,41,2025,CD_I1015919
Sam Banks,Richmond,41,2025,CD_I1013197
Sam Berry,Adelaide Crows,3,2025,CD_I1012807
Sam Butler,Hawthorn,30,2025,CD_I1010708
Sam Clohesy,Gold Coast Suns,33,2025,CD_I1013257
Sam Collins,Gold Coast Suns,25,2025,CD_I295446
Sam Darcy,Western Bulldogs,10,2025,CD_I1017126
Sam Davidson,Western Bulldogs,42,2025,CD_I1036123
Sam Day,Brisbane Lions,14,2025,CD_I291753
Sam De Koning,Geelong Cats,16,2025,CD_I1009229
Sam Docherty,Carlton,15,2025,CD_I295518
Sam Draper,Essendon,2,2025,CD_I1005577
Sam Durham,Essendon,22,2025,CD_I1015810
Sam Flanders,Gold Coast Suns,3,2025,CD_I1009260
Sam Frost,Hawthorn,8,2025,CD_I293738
Sam Lalor,Richmond,22,2025,CD_I1028491
Sam Marshall,Brisbane Lions,20,2025,CD_I1028520
Sam Powell-Pepper,Port Adelaide,2,2025,CD_I993979
Sam Sturt,Fremantle,1,2025,CD_I1013611
Sam Switkowski,Fremantle,39,2025,CD_I992059
Sam Taylor,GWS Giants,15,2025,CD_I1005247
Sam Walsh,Carlton,18,2025,CD_I1006094
Sam Wicks,Sydney Swans,15,2025,CD_I1006232
Samson Ryan,Richmond,32,2025,CD_I1012386
Sandy Brock,West Coast Eagles,41,2025,CD_I1013315
Scott Pendlebury,Collingwood,10,2025,CD_I260257
Seamus Mitchell,Hawthorn,40,2025,CD_I1018016
Sean Darcy,Fremantle,4,2025,CD_I998145
Sean Lemmens,Gold Coast Suns,23,2025,CD_I294013
Seth Campbell,Richmond,44,2025,CD_I1023275
Shadeau Brain,Brisbane Lions,34,2025,CD_I1028105
Shai Bolton,Fremantle,15,2025,CD_I993993
Shane McAdam,Melbourne,23,2025,CD_I298470
Shannon Neale,Geelong Cats,33,2025,CD_I1016433
Shaun Mannagh,Geelong Cats,7,2025,CD_I993878
Sid Draper,Adelaide Crows,34,2025,CD_I1022607
Steele Sidebottom,Collingwood,22,2025,CD_I280965
Steely Green,Richmond,48,2025,CD_I1023056
Stephen Coniglio,GWS Giants,3,2025,CD_I291969
Steven May,Melbourne,1,2025,CD_I281085
Taj Hotton,Richmond,24,2025,CD_I1032106
Taj Woewodin,Melbourne,40,2025,CD_I1018425
Tanner Bruhn,Geelong Cats,4,2025,CD_I1012805
Taylor Adams,Sydney Swans,3,2025,CD_I291776
Taylor Duryea,Western Bulldogs,15,2025,CD_I290085
Taylor Goad,North Melbourne,22,2025,CD_I1031506
Taylor Walker,Adelaide Crows,13,2025,CD_I280506
Ted Clohesy,Geelong Cats,40,2025,CD_I1023542
Tew Jiath,Collingwood,19,2025,CD_I1032017
Thomson Dow,Richmond,27,2025,CD_I1009226
Tim English,Western Bulldogs,44,2025,CD_I1004592
Tim Kelly,West Coast Eagles,11,2025,CD_I295898
Tim Membrey,Collingwood,28,2025,CD_I294596
Tim Taranto,Richmond,14,2025,CD_I998172
Tobie Travaglia,St Kilda,5,2025,CD_I1028538
Toby Bedford,GWS Giants,14,2025,CD_I1008139
Toby Conway,Geelong Cats,6,2025,CD_I1017063
Toby Greene,GWS Giants,4,2025,CD_I295344
Toby McMullin,GWS Giants,31,2025,CD_I1027971
Toby Murray,Adelaide Crows,39,2025,CD_I1020950
Toby Nankervis,Richmond,25,2025,CD_I298174
Toby Pink,North Melbourne,32,2025,CD_I1002138
Todd Goldstein,Essendon,17,2025,CD_I271129
Todd Marshall,Port Adelaide,4,2025,CD_I1004998
Tom Anastasopoulos,Port Adelaide,29,2025,CD_I1027870
Tom Atkins,Geelong Cats,30,2025,CD_I994386
Tom Barrass,Hawthorn,37,2025,CD_I990290
Tom Berry,Gold Coast Suns,16,2025,CD_I1006100
Tom Brown,Richmond,30,2025,CD_I1017086
Tom Campbell,Melbourne,29,2025,CD_I290246
Tom Cochrane,Port Adelaide,37,2025,CD_I1022371
Tom Cole,West Coast Eagles,28,2025,CD_I993820
Tom De Koning,Carlton,12,2025,CD_I1004912
Tom Doedee,Brisbane Lions,12,2025,CD_I1000932
Tom Edwards,Essendon,45,2025,CD_I1018323
Tom Fullarton,Melbourne,33,2025,CD_I1013532
Tom Green,GWS Giants,12,2025,CD_I1009528
Tom Gross,West Coast Eagles,27,2025,CD_I1028561
Tom Hanily,Sydney Swans,40,2025,CD_I1027687
Tom Liberatore,Western Bulldogs,21,2025,CD_I290799
Tom Lynch,Richmond,19,2025,CD_I293813
Tom McCarthy,West Coast Eagles,45,2025,CD_I1036124
Tom McCartin,Sydney Swans,30,2025,CD_I1008198
Tom McDonald,Melbourne,25,2025,CD_I291533
Tom Mitchell,Collingwood,6,2025,CD_I291856
Tom Papley,Sydney Swans,11,2025,CD_I996765
Tom Powell,North Melbourne,24,2025,CD_I1011659
Tom Sims,Richmond,38,2025,CD_I1018996
Tom Sparrow,Melbourne,32,2025,CD_I999391
Tom Stewart,Geelong Cats,44,2025,CD_I291800
Touk Miller,Gold Coast Suns,11,2025,CD_I298272
Travis Boak,Port Adelaide,10,2025,CD_I250365
Trent Rivers,Melbourne,24,2025,CD_I1009378
Tristan Xerri,North Melbourne,38,2025,CD_I1004965
Ty Gallop,Brisbane Lions,22,2025,CD_I1034411
Tylar Young,Richmond,45,2025,CD_I1018433
Tyler Brockman,West Coast Eagles,10,2025,CD_I1013511
Tyler Sonsie,Richmond,40,2025,CD_I1017114
Tyler Welsh,Adelaide Crows,17,2025,CD_I1022447
Tyrell Dewar,West Coast Eagles,43,2025,CD_I1023142
Tyson Stengle,Geelong Cats,18,2025,CD_I997230
Vigo Visentini,Essendon,39,2025,CD_I1027966
Wade Derksen,GWS Giants,45,2025,CD_I1016140
Wayne Milera,Adelaide Crows,30,2025,CD_I990882
Wil Dawson,North Melbourne,18,2025,CD_I1028551
Wil Parker,Collingwood,15,2025,CD_I1012873
Wil Powell,Gold Coast Suns,27,2025,CD_I1007881
Will Ashcroft,Brisbane Lions,8,2025,CD_I1023517
Will Brodie,Fremantle,17,2025,CD_I998129
Will Day,Hawthorn,12,2025,CD_I1008550
Will Edwards,Sydney Swans,28,2025,CD_I1017757
Will Graham,Gold Coast Suns,26,2025,CD_I1026960
Will Green,Sydney Swans,45,2025,CD_I1027901
Will Hayes,Collingwood,39,2025,CD_I1032922
Will Hayward,Sydney Swans,9,2025,CD_I997100
Will Hoskin-Elliott,Collingwood,32,2025,CD_I291720
Will Lorenz,Port Adelaide,36,2025,CD_I1029262
Will McCabe,Hawthorn,27,2025,CD_I1022410
Will McLachlan,Brisbane Lions,28,2025,CD_I1029405
Will Phillips,North Melbourne,29,2025,CD_I1012829
Will Setterfield,Essendon,12,2025,CD_I998215
Will Verrall,Melbourne,28,2025,CD_I1015473
Willem Drew,Port Adelaide,28,2025,CD_I1000972
Willie Rioli,Port Adelaide,15,2025,CD_I296225
Xavier Duursma,Essendon,28,2025,CD_I1006096
Xavier Ivisic,Geelong Cats,25,2025,CD_I1028489
Xavier Lindsay,Melbourne,20,2025,CD_I1028531
Xavier O'Halloran,GWS Giants,33,2025,CD_I1006135
Xavier Walsh,Port Adelaide,45,2025,CD_I1029158
Zac Bailey,Brisbane Lions,33,2025,CD_I1002312
Zac Banch,North Melbourne,45,2025,CD_I1020930
Zac Fisher,North Melbourne,16,2025,CD_I999827
Zac Taylor,Adelaide Crows,19,2025,CD_I1017065
Zac Walker,Western Bulldogs,41,2025,CD_I1041619
Zac Williams,Carlton,6,2025,CD_I294685
Zach Guthrie,Geelong Cats,39,2025,CD_I1004870
Zach Merrett,Essendon,7,2025,CD_I992016
Zach Reid,Essendon,31,2025,CD_I1012817
Zaine Cordy,St Kilda,21,2025,CD_I991939
Zak Butters,Port Adelaide,9,2025,CD_I1006121
Zak Evans,Gold Coast Suns,36,2025,CD_I1038801
Zak Johnson,Essendon,40,2025,CD_I1028519
Zak Jones,St Kilda,3,2025,CD_I991988
Zane Duursma,North Melbourne,7,2025,CD_I1023494
Zane Zakostelsky,Brisbane Lions,21,2025,CD_I1032650
